id,centro_formacion,nombre_curso,url_curso,fecha_inicio,fecha_fin,horario,horas,last_scraped
35,CEP,ACTIVIDADES BÁSICAS DE LOGÍSTICA DE ALMACÉN,https://cursostenerife.es/cursos/actividades-basicas-de-logistica-de-almacen/,Formato de fecha no reconocido,No disponible en listado,–,125,2026-02-01 02:58:33.919806
36,CEP,CONTABILIDAD AVANZADA,https://cursostenerife.es/cursos/contabilidad-avanzada/,Formato de fecha no reconocido,No disponible en listado,–,60,2026-02-01 02:58:33.920576
37,CEP,CONTABILIDAD BÁSICA,https://cursostenerife.es/cursos/contabilidad-basica/,Formato de fecha no reconocido,No disponible en listado,–,60,2026-02-01 02:58:33.921441
38,CEP,CONTABILIDAD GENERAL DIGITALIZADA Y FISCALIDAD,https://cursostenerife.es/cursos/contabilidad-general-digitalizada-y-fiscalidad/,Formato de fecha no reconocido,No disponible en listado,–,120,2026-02-01 02:58:33.922218
39,CEP,CONTABILIDAD INFORMATIZADA,https://cursostenerife.es/cursos/contabilidad-informatizada/,Formato de fecha no reconocido,No disponible en listado,–,40,2026-02-01 02:58:33.923299
40,CEP,DIGITALIZACIÓN DE NÓMINAS EN LA EMPRESA,https://cursostenerife.es/cursos/digitalizacion-de-nominas-en-la-empresa/,Formato de fecha no reconocido,No disponible en listado,–,100,2026-02-01 02:58:33.924067
41,CEP,DIGITALIZACIÓN Y RR.SS. COMO ESTRATEGIA CORPORATIVA,https://cursostenerife.es/cursos/digitalizacion-y-rr-ss-como-estrategia-corporativa/,Formato de fecha no reconocido,No disponible en listado,–,100,2026-02-01 02:58:33.925428
42,CEP,DIRECCIÓN DE EQUIPOS Y COACHING,https://cursostenerife.es/cursos/direccion-de-equipos-y-coaching/,Formato de fecha no reconocido,No disponible en listado,–,25,2026-02-01 02:58:33.926310
43,CEP,DIRECCIÓN DE PERSONAS Y DESARROLLO DEL TALENTO,https://cursostenerife.es/cursos/direccion-de-personas-y-desarrollo-del-talento/,Formato de fecha no reconocido,No disponible en listado,–,40,2026-02-01 02:58:33.927202
44,CEP,DISEÑO DE PÁGINAS WEB PARA HOSTELERÍA,https://cursostenerife.es/cursos/diseno-de-paginas-web-para-hosteleria/,Formato de fecha no reconocido,No disponible en listado,–,100,2026-02-01 02:58:33.928103
45,CEP,ELABORACIÓN DE UN PLAN DE ACOGIDA,https://cursostenerife.es/cursos/elaboracion-de-un-plan-de-acogida/,Formato de fecha no reconocido,No disponible en listado,–,30,2026-02-01 02:58:33.928974
46,CEP,"FACTURAPLUS, FACTURACIÓN EN LA EMPRESA",https://cursostenerife.es/cursos/facturaplus-facturacion-en-la-empresa/,Formato de fecha no reconocido,No disponible en listado,–,35,2026-02-01 02:58:33.929750
47,CEP,FINANCIACIÓN Y PLANIFICACIÓN FINANCIERA,https://cursostenerife.es/cursos/financiacion-y-planificacion-financiera-nuevas-herramientas-de-financiacion/,Formato de fecha no reconocido,No disponible en listado,–,60,2026-02-01 02:58:33.930660
48,CEP,FISCALIDAD EN LAS PYMES Y USO DE PROGRAMA DE GESTIÓN FISCAL INTEGRADO,https://cursostenerife.es/cursos/fiscalidad-en-las-pymes-y-uso-de-programa-de-gestion-fiscal-integrado/,Formato de fecha no reconocido,No disponible en listado,–,60,2026-02-01 02:58:33.931603
49,CEP,"GESTIÓN CONTABLE, FISCAL Y LABORAL",https://cursostenerife.es/cursos/gestion-contable-fiscal-y-laboral/,Formato de fecha no reconocido,No disponible en listado,–,340,2026-02-01 02:58:33.932364
50,CEP,GESTIÓN DE PROYECTOS DE FINANCIACIÓN PÚBLICA,https://cursostenerife.es/cursos/gestion-de-proyectos-de-financiacion-publica/,Formato de fecha no reconocido,No disponible en listado,–,60,2026-02-01 02:58:33.933296
51,CEP,GESTIÓN DE RECURSOS HUMANOS,https://cursostenerife.es/cursos/gestion-de-recursos-humanos/,Formato de fecha no reconocido,No disponible en listado,–,60,2026-02-01 02:58:33.936322
52,CEP,"GESTIÓN DE RECURSOS HUMANOS, OPTIMIZACIÓN Y ORGANIZACIÓN",https://cursostenerife.es/cursos/gestion-de-recursos-humanos-optimizacion-y-organizacion/,Formato de fecha no reconocido,No disponible en listado,–,200,2026-02-01 02:58:33.937308
53,CEP,GESTIÓN DEL TIEMPO PARA FACILITAR LA CONCILIACIÓN DE LA VIDA LABORAL Y FAMILIAR,https://cursostenerife.es/cursos/gestion-del-tiempo-para-facilitar-la-conciliacion-de-la-vida-laboral-y-familiar/,Formato de fecha no reconocido,No disponible en listado,–,35,2026-02-01 02:58:33.938370
54,CEP,GESTIÓN LOGÍSTICA,https://cursostenerife.es/cursos/gestion-logistica/,Formato de fecha no reconocido,No disponible en listado,–,150,2026-02-01 02:58:33.939661
55,CEP,IMPUESTOS Y OBLIGACIONES FISCALES DE LA PERSONA TRABAJADORA AUTÓNOMA,https://cursostenerife.es/cursos/impuestos-y-obligaciones-fiscales-de-la-persona-trabajadora-autonoma/,Formato de fecha no reconocido,No disponible en listado,–,60,2026-02-01 02:58:33.940586
56,CEP,LIDERAZGO ESTRATÉGICO,https://cursostenerife.es/cursos/liderazgo-estrategico/,Formato de fecha no reconocido,No disponible en listado,–,120,2026-02-01 02:58:33.941412
57,CEP,LIDERAZGO Y DIRECCIÓN DE ORGANIZACIONES,https://cursostenerife.es/cursos/liderazgo-y-direccion-de-organizaciones/,Formato de fecha no reconocido,No disponible en listado,–,100,2026-02-01 02:58:33.942339
58,CEP,NEUROLIDERAZGO,https://cursostenerife.es/cursos/neuroliderazgo/,Formato de fecha no reconocido,No disponible en listado,–,30,2026-02-01 02:58:33.943181
59,CEP,NÓMINAS,https://cursostenerife.es/cursos/nominas/,Formato de fecha no reconocido,No disponible en listado,–,50,2026-02-01 02:58:33.944261
60,CEP,OFIMÁTICA,https://cursostenerife.es/cursos/ofimatica/,Formato de fecha no reconocido,No disponible en listado,–,100,2026-02-01 02:58:33.945143
61,CEP,OPERACIONES AUXILIARES EN EL DEPARTAMENTO DE ADMINISTRACIÓN Y RECEPCIÓN PARA PERSONAS CON DISCAPACIDAD INTELECTUAL,https://cursostenerife.es/cursos/operaciones-auxiliares-para-personas-con-discapacidad-intelectual/,Formato de fecha no reconocido,No disponible en listado,–,280,2026-02-01 02:58:33.945961
62,CEP,ORGANIZACIÓN DEL TRANSPORTE Y LA DISTRIBUCIÓN,https://cursostenerife.es/cursos/organizacion-del-transporte-y-distribucion/,Formato de fecha no reconocido,No disponible en listado,–,420,2026-02-01 02:58:33.946770
63,CEP,ORGANIZACIÓN Y GESTIÓN DE ALMACENES,https://cursostenerife.es/cursos/organizacion-y-gestion-de-almacenes/,Formato de fecha no reconocido,No disponible en listado,–,390,2026-02-01 02:58:33.947644
64,CEP,"PLAN DE IGUALDAD, DESARROLLO, IMPLANTACIÓN, SEGUIMIENTO Y EVALUACIÓN",https://cursostenerife.es/cursos/plan-de-igualdad-desarrollo-implantacion-seguimiento-y-evaluacion/,Formato de fecha no reconocido,No disponible en listado,–,25,2026-02-01 02:58:33.948424
65,CEP,TRABAJO EN EQUIPO,https://cursostenerife.es/cursos/trabajo-en-equipo/,Formato de fecha no reconocido,No disponible en listado,–,28,2026-02-01 02:58:33.949543
66,CEP,TRÁFICO DE MERCANCÍAS POR CARRETERA,https://cursostenerife.es/cursos/trafico-de-mercancias-por-carretera/,Formato de fecha no reconocido,No disponible en listado,–,520,2026-02-01 02:58:33.950597
67,CEP,TRANSFORMACIÓN DIGITAL,https://cursostenerife.es/cursos/transformacion-digital/,Formato de fecha no reconocido,No disponible en listado,–,20,2026-02-01 02:58:33.951457
68,CEP,TRANSFORMACIÓN DIGITAL EN LA EMPRESA,https://cursostenerife.es/cursos/transformacion-digital-en-la-empresa/,Formato de fecha no reconocido,No disponible en listado,–,50,2026-02-01 02:58:33.952350
122,Insforca,LIDERAZGO Y DIRECCIÓN DE ORGANIZACIONES,https://www.insforca.com/cursos/liderazgo-y-direccion-de-organizaciones-3/,2026-11-24,2026-12-21,No disponible en listado,110,2026-02-01 02:58:33.996575
12,Aura Formación,FCOL002PO ESPAÑOL ELEMENTAL PARA EXTRANJEROS (TF) - CONVOCATORIA FPED 2025.,https://www.auraformacion.es/formacion/fcol002po-espanol-elemental-para-extranjeros-tf---convocatoria-fped-2025-/611.html,2026-11-19,2026-12-04,08:30-14:30,70,2026-02-01 02:58:33.898838
11,Aura Formación,COMM0036 REVOLUCIÓN ARTIFICIAL: MARKETING EN REALIDAD VIRTUAL Y AUMENTADA (TF) - CONVOCATORIA FPED 2025.,https://www.auraformacion.es/formacion/comm0036-revolucion-artificial-marketing-en-realidad-virtual-y-aumentada-tf---convocatoria-fped-2025-/610.html,2026-11-12,2026-12-04,08:30-14:30,100,2026-02-01 02:58:33.897961
118,Insforca,ALEMÁN A2,https://www.insforca.com/cursos/aleman-a2-2/,2026-11-03,2026-12-10,No disponible en listado,160,2026-02-01 02:58:33.993043
157,FormacionLine,DESARROLLO SEGURO DE APLICACIONES,https://formacionline.com/courses/desarrollo-seguro-de-aplicaciones/,2026-10-27,2026-11-23,08:00 a 14:30,104,2026-02-01 02:58:34.026004
108,Focan,Organizacion Eventos Y Protocolo,https://isbs.es/formacion/cursos-desempleados/isbs-organizacion-eventos-y-protocolo/,2026-10-22,2026-11-05,No disponible,0,2026-02-01 02:58:33.985144
144,FormacionLine,ALEMÁN A2,https://formacionline.com/courses/aleman-a2-panama/,2026-10-22,2026-11-30,08:30 A 14:30,150,2026-02-01 02:58:34.015057
107,Focan,Atencion Integral Personas Atencion Domiciliaria,https://isbs.es/formacion/cursos-desempleados/isbs-atencion-integral-personas-atencion-domiciliaria/,2026-10-14,2026-11-18,No disponible,0,2026-02-01 02:58:33.984287
28,Aura Formación,SSCG0101 ORIENTACIÓN SOCIOLABORAL (AVANZADO) (TF) - CONVOCATORIA FPED 2025.,https://www.auraformacion.es/formacion/sscg0101-orientacion-sociolaboral-avanzado-tf---convocatoria-fped-2025-/609.html,2026-10-13,2026-11-11,08:30-14:30,125,2026-02-01 02:58:33.913937
106,Focan,Fundamentos Basicos De Electricidad,https://isbs.es/formacion/cursos-desempleados/isbs-fundamentos-basicos-de-electricidad/,2026-10-01,2026-10-21,No disponible,0,2026-02-01 02:58:33.983481
126,Insforca,GESTOR DE PRODUCTO DIGITAL,https://www.insforca.com/cursos/gestor-de-producto-digital/,2026-10-01,2026-11-10,No disponible en listado,150,2026-02-01 02:58:33.999958
160,FormacionLine,"COMPETENCIAS DIGITALES PARA FORMADORES Y TUTORES SEGÚN EL ""MARCO COMÚN DE COMPETENCIA DIGITAL DOCENTE-DIGCOMP""",https://formacionline.com/courses/digital-docente-digcomp-tnf/,2026-09-22,2026-10-13,15:00 A 21:00,80,2026-02-01 02:58:34.028914
105,Focan,Tenerife1 Fundamentos Basicos Electricidad,https://focan.es/nuestros-cursos/formacion-gratuita/cursos-para-ocupados/tenerife-2/tf1-fundamentos-basicos-electricidad/,2026-09-21,2026-10-08,No disponible,0,2026-02-01 02:58:33.982628
156,FormacionLine,"COMMUNITY MANAGER, HERRAMIENTAS, ANALÍTICA E INFORMES",https://formacionline.com/courses/cm-herramientas-analitica/,2026-09-16,2026-10-13,15:00 A 21:00,100,2026-02-01 02:58:34.024805
155,FormacionLine,ADMINISTRADOR ESPECIALISTA MICROSOFT 365 CON INTELIGENCIA ARTIFICIAL,https://formacionline.com/courses/administrador-microsoft365-con-ia/,2026-09-14,2026-10-21,8:30 A 14:30,150,2026-02-01 02:58:34.023925
2,Aura Formación,"ADGD0032 GESTIÓN CONTABLE, FISCAL Y LABORAL (TF) - CONVOCATORIA FPED 2025.",https://www.auraformacion.es/formacion/adgd0032-gestion-contable_-fiscal-y-laboral-tf---convocatoria-fped-2025-/564.html,2026-09-11,2026-12-04,08:30 - 14:30,350,2026-02-01 02:58:33.890012
143,FormacionLine,ALEMÁN A1,https://formacionline.com/courses/aleman-a1-panama/,2026-09-10,2026-10-19,08:30 A 14:30,150,2026-02-01 02:58:34.014305
113,Insforca,ALEMÁN A1,https://www.insforca.com/cursos/aleman-a1-4/,2026-09-09,2026-10-16,No disponible en listado,160,2026-02-01 02:58:33.989023
148,FormacionLine,GESTIÓN DE RESIDUOS URBANOS E INDUTRIALES,https://formacionline.com/courses/residuos-urbanos-industriales/,2026-09-09,2026-11-17,08:30 a 14:30,390,2026-02-01 02:58:34.018198
1,Aura Formación,SSCG18 ATENCIÓN INTEGRAL Y CENTRADA EN LA PERSONA PARA PROFESIONALES DE ATENCIÓN CONTINUADA EN CENTROS Y DOMICILIOS (TF) - CONVOCATORIA FPED 2025.,https://www.auraformacion.es/formacion/-sscg18-atencion-integral-y-centrada-en-la-persona-para-profesionales-de-atencion-continuada-en-centros-y-domicilios-tf---convocatoria-fped-2025-/608.html,2026-09-03,2026-10-09,08:30-14:30,160,2026-02-01 02:58:33.887757
8,Aura Formación,ADGD96 GESTIÓN DEL TIEMPO PARA FACILITAR LA CONCILIACIÓN DE LA VIDA LABORAL Y FAMILIAR (TF) - CONVOCATORIA FPED 2025.,https://www.auraformacion.es/formacion/adgd96-gestion-del-tiempo-para-facilitar-la-conciliacion-de-la-vida-laboral-y-familiar-tf---convocatoria-fped-2025-/607.html,2026-09-01,2026-09-10,08:30-14:30,45,2026-02-01 02:58:33.895323
17,Aura Formación,"SSCE0110 HABILITACION PARA LA DOCENCIA EN GRADOS A,B Y C DEL SISTEMA DE FORMACION PROFESIONAL (TF) - CONVOCATORIA FPED 2025.",https://www.auraformacion.es/formacion/ssce0110-habilitacion-para-la-docencia-en-grados-a_b-y-c-del-sistema-de-formacion-profesional-tf---convocatoria-fped-2025-/465.html,2026-09-01,2026-11-18,08:30 - 14:30,420,2026-02-01 02:58:33.903904
18,Aura Formación,SSCE0111 PROMOCIÓN E INTERVENCIÓN SOCIOEDUCATIVA CON PERSONAS CON DISCAPACIDAD (TF) - CONVOCATORIA FPED 2025.,https://www.auraformacion.es/formacion/ssce0111-promocion-e-intervencion-socioeducativa-con-personas-con-discapacidad-tf---convocatoria-fped-2025-/561.html,2026-09-01,2026-11-30,08:30 - 14:30,490,2026-02-01 02:58:33.904869
32,Aura Formación,SSCS0208 ATENCIÓN SOCIOSANITARIA A PERSONAS DEPENDIENTES EN INSTITUCIONES SOCIALES (TF) - CONVOCATORIA FPED 2025.,https://www.auraformacion.es/formacion/sscs0208-atencion-sociosanitaria-a-personas-dependientes-en-instituciones-sociales-tf---convocatoria-fped-2025-/563.html,2026-09-01,2026-11-30,08:30 - 14:30,490,2026-02-01 02:58:33.917244
104,Focan,Atencion Integral Personas Centros Sociales,https://isbs.es/formacion/cursos-desempleados/isbs-atencion-integral-personas-centros-sociales/,2026-09-01,2026-10-05,No disponible,0,2026-02-01 02:58:33.981682
119,Insforca,INGLÉS B2,https://www.insforca.com/cursos/ingles-b2-6/,2026-08-18,2026-10-23,No disponible en listado,250,2026-02-01 02:58:33.993774
116,Insforca,FRANCÉS A2,https://www.insforca.com/cursos/frances-a2-5/,2026-08-10,2026-09-15,No disponible en listado,160,2026-02-01 02:58:33.991394
103,Focan,Aleman A2,https://isbs.es/formacion/cursos-desempleados/isbs-aleman-a2/,2026-08-06,2026-09-11,No disponible,0,2026-02-01 02:58:33.980889
117,Insforca,OFIMÁTICA,https://www.insforca.com/cursos/ofimatica-3/,2026-08-06,2026-09-01,No disponible en listado,110,2026-02-01 02:58:33.992215
102,Focan,Gestion Ambiental,https://isbs.es/formacion/cursos-desempleados/isbs-gestion-ambiental/,2026-08-03,2026-10-29,No disponible,0,2026-02-01 02:58:33.979858
101,Focan,Atencion Diversidad Necesidades Especiales,https://isbs.es/formacion/cursos-desempleados/isbs-atencion-diversidad-necesidades-especiales/,2026-07-17,2026-08-13,No disponible,0,2026-02-01 02:58:33.978788
121,Insforca,ADMINISTRACIÓN Y GESTIÓN DE PLATAFORMAS LMS MOODLE,https://www.insforca.com/cursos/administracion-y-gestion-de-plataformas-lms-moodle-3/,2026-07-15,2026-07-23,No disponible en listado,40,2026-02-01 02:58:33.995737
100,Focan,Oper Fontaneria Calefaccin Ventilacion Domestica,https://focan.es/nuestros-cursos/formacion-gratuita/cursos-para-desempleados/tenerife/tf-oper-fontaneria-calefaccin-ventilacion-domestica/,2026-07-13,2026-11-10,No disponible,0,2026-02-01 02:58:33.978047
146,FormacionLine,INSERCIÓN LABORAL DE PERSONAS CON DISCAPACIDAD,https://formacionline.com/courses/insercion-laboral-discapacidad/,2026-07-10,2025-10-09,08:30 A 14:30,470,2026-02-01 02:58:34.016614
99,Focan,Tenerife1 Electricidad Corriente Continua Alterna,https://focan.es/nuestros-cursos/formacion-gratuita/cursos-para-desempleados/tenerife/tf1-electricidad-corriente-continua-alterna/,2026-07-08,2026-07-23,No disponible,0,2026-02-01 02:58:33.977319
69,Focan,Montaje Y Mantenimiento De Instalaciones Solares Termica,https://focan.es/nuestros-cursos/formacion-gratuita/cursos-para-desempleados/tenerife/montaje-y-mantenimiento-de-instalaciones-solares-termica/,2026-07-06,2026-10-26,No disponible,0,2026-02-01 02:58:33.976590
149,FormacionLine,OPERACIONES AUXILIARES DE SERVICIOS ADMINISTRATIVOS Y GENERALES,https://formacionline.com/courses/auxiliares-admin-generales-2/,2026-07-06,2026-10-01,08:30 A 14:30,430,2026-02-01 02:58:34.019042
114,Insforca,FRANCÉS A1,https://www.insforca.com/cursos/frances-a1-5/,2026-07-01,2026-08-06,No disponible en listado,160,2026-02-01 02:58:33.989787
97,Focan,Aleman A1,https://isbs.es/formacion/cursos-desempleados/isbs-aleman-a1/,2026-06-30,2026-08-05,No disponible,0,2026-02-01 02:58:33.975448
96,Focan,Tenerifea Seguridad Informatica,https://focan.es/nuestros-cursos/formacion-gratuita/cursos-para-desempleados/tenerife-arona/tfa-seguridad-informatica/,2026-06-29,2026-10-02,No disponible,0,2026-02-01 02:58:33.974714
152,FormacionLine,PROCEDIMIENTOS BÁSICOS EN IMPRESIÓN Y DISEÑO 3D,https://formacionline.com/courses/impresion-diseno-3d/,2026-06-29,2026-07-29,15:00 A 21:00,125,2026-02-01 02:58:34.021512
95,Focan,Aplicacion Herramientas Digitales Educativa,https://isbs.es/formacion/cursos-desempleados/isbs-aplicacion-herramientas-digitales-educativa/,2026-06-26,2026-07-09,No disponible,0,2026-02-01 02:58:33.973977
94,Focan,Transformacion Logistica Industria 4 0,https://isbs.es/formacion/cursos-desempleados/isbs-transformacion-logistica-industria-4-0/,2026-06-25,2026-07-02,No disponible,0,2026-02-01 02:58:33.973227
134,FormacionLine,EL RESIDUO PLÁSTICO DE RECHAZO COMO MODELO DE NEGOCIO EN ECONOMÍA CIRCULAR,https://formacionline.com/courses/plastico-negocio-economia-circular/,2026-06-24,2026-07-14,15:00 A 21:00,75,2026-02-01 02:58:34.006878
93,Focan,Transformacion Digital,https://isbs.es/formacion/cursos-desempleados/isbs-transformacion-digital/,2026-06-22,2026-06-26,No disponible,0,2026-02-01 02:58:33.972464
92,Focan,Servicios Bar Y Cafeteria,https://isbs.es/formacion/cursos-desempleados/isbs-servicios-bar-y-cafeteria/,2026-06-19,2026-09-30,No disponible,0,2026-02-01 02:58:33.971727
138,FormacionLine,INGLÉS B2,https://formacionline.com/courses/ingles-b2-panama/,2026-06-19,2026-08-19,08:30 A 14:30,240,2026-02-01 02:58:34.009964
74,Focan,Mont Mant Instal Frigorificas,https://focan.es/nuestros-cursos/formacion-gratuita/cursos-para-desempleados/tenerife/tf-mont-mant-instal-frigorificas/,2026-06-15,2026-09-25,No disponible,0,2026-02-01 02:58:33.970998
124,Insforca,INGLÉS A2,https://www.insforca.com/cursos/ingles-a2-7/,2026-06-15,2026-07-21,No disponible en listado,160,2026-02-01 02:58:33.998264
90,Focan,Operaciones Basicas Restaurante Bar,https://isbs.es/formacion/cursos-desempleados/isbs-operaciones-basicas-restaurante-bar/,2026-06-10,2026-08-12,No disponible,0,2026-02-01 02:58:33.970233
89,Focan,Transformacion Digital Empresa,https://isbs.es/formacion/cursos-desempleados/isbs-transformacion-digital-empresa/,2026-06-08,2026-06-19,No disponible,0,2026-02-01 02:58:33.969442
158,FormacionLine,TÉCNICAS DE SONIDO,https://formacionline.com/courses/tecnicas-de-sonido/,2026-06-04,2026-07-07,14:00 A 21:00,130,2026-02-01 02:58:34.027173
123,Insforca,LIDERAZGO ESTRATÉGICO,https://www.insforca.com/cursos/liderazgo-estrategico-4/,2026-06-03,2026-07-02,No disponible en listado,130,2026-02-01 02:58:33.997364
30,Aura Formación,SSCG11 ATENCIÓN ESPECIALIZADA A PERSONAS DEPENDIENTES CON TRASTORNO DEL ESPECTRO DEL AUTISMO (TF) - CONVOCATORIA FPED 2025.,https://www.auraformacion.es/formacion/sscg11-atencion-especializada-a-personas-dependientes-con-trastorno-del-espectro-del-autismo-tf---convocatoria-fped-2025-/606.html,2026-06-02,2026-07-31,08:30 - 14:30,260,2026-02-01 02:58:33.915622
88,Focan,Cocina,https://focan.es/nuestros-cursos/formacion-gratuita/cursos-para-desempleados/tenerife-arona/sede2-cocina/,2026-05-28,2026-10-27,No disponible,0,2026-02-01 02:58:33.968672
147,FormacionLine,PROMOCIÓN E INTERVENCIÓN SOCIEDUCATIVA CON PERSONAS CON DISCAPACIDAD,https://formacionline.com/courses/socieducativa-discapacidad/,2026-05-27,2026-09-08,08:30 A 14:30,450,2026-02-01 02:58:34.017412
19,Aura Formación,SSCG0001 ANIMACIÓN ESTIMULATIVA CON PERSONAS EN SITUACIÓN DE DEPENDENCIA (TF) - CONVOCATORIA FPED 2025.,https://www.auraformacion.es/formacion/sscg0001-animacion-estimulativa-con-personas-en-situacion-de-dependencia-tf---convocatoria-fped-2025-/604.html,2026-05-26,2026-07-31,08:30-14:30,290,2026-02-01 02:58:33.905809
20,Aura Formación,SSCG0005 ACOMPAÑAMIENTO AL PROCESO DE DUELO (TF) - CONVOCATORIA FPED 2025.,https://www.auraformacion.es/formacion/sscg0005-acompanamiento-al-proceso-de-duelo-tf---convocatoria-fped-2025-/595.html,2026-05-26,2026-06-01,08:30-14:30,30,2026-02-01 02:58:33.906657
24,Aura Formación,SSCG0011 GESTIÓN DEL ESTRÉS PARA PROFESIONALES SOCIOSANITARIOS (TF) - CONVOCATORIA FPED 2025.,https://www.auraformacion.es/formacion/sscg0011-gestion-del-estres-para-profesionales-sociosanitarios-tf---convocatoria-fped-2025-/603.html,2026-05-19,2026-05-28,16:30-20:30,30,2026-02-01 02:58:33.910275
7,Aura Formación,"ADGD204PO PLAN DE IGUALDAD. DESARROLLO, IMPLANTACIÓN, SEGUIMIENTO Y EVALUACIÓN (TF) - CONVOCATORIA FPED 2025.",https://www.auraformacion.es/formacion/adgd204po-plan-de-igualdad--desarrollo_-implantacion_-seguimiento-y-evaluacion-tf---convocatoria-fped-2025-/602.html,2026-05-18,2026-05-25,08:30-14:30,35,2026-02-01 02:58:33.894502
87,Focan,Servicios Restaurante,https://focan.es/nuestros-cursos/formacion-gratuita/cursos-para-desempleados/tenerife/tf-servicios-restaurante/,2026-05-18,2026-09-04,No disponible,0,2026-02-01 02:58:33.967833
112,Insforca,"HABILITACIÓN PARA LA DOCENCIA EN GRADOS A,B Y C DEL SISTEMA DE FORMACIÓN PROFESIONAL",https://www.insforca.com/cursos/habilitacion-para-la-docencia-en-grados-ab-y-c-del-sistema-de-formacion-profesional-5/,2026-05-18,2026-07-31,No disponible en listado,420,2026-02-01 02:58:33.999119
153,FormacionLine,LIDERAZGO DIGITAL EN UNA ORGANIZACIÓN,https://formacionline.com/courses/liderazgo-digital-organizacion/,2026-05-13,2025-06-04,08:30 A 14:30,92,2026-02-01 02:58:34.022304
159,FormacionLine,HERRAMIENTAS WEB 2.0,https://formacionline.com/courses/herramientas-web-2-0/,2026-05-06,2026-06-01,15:00 A 21:00,100,2026-02-01 02:58:34.028067
10,Aura Formación,COMM0008 ORGANIZACIÓN DE EVENTOS Y PROTOCOLO (TF) - CONVOCATORIA NACIONAL 2024.,https://www.auraformacion.es/formacion/comm0008-organizacion-de-eventos-y-protocolo-tf---convocatoria-nacional-2024-/519.html,2026-05-05,2026-05-20,16:00-20:30,65,2026-02-01 02:58:33.897016
25,Aura Formación,SSCG0012 DISCAPACIDADES Y OCIO (TF) - CONVOCATORIA FPED 2025.,https://www.auraformacion.es/formacion/sscg0012-discapacidades-y-ocio-tf---convocatoria-fped-2025-/600.html,2026-05-05,2026-05-18,16:30-20:30,40,2026-02-01 02:58:33.911139
86,Focan,Ecoturismo,https://isbs.es/formacion/cursos-desempleados/isbs-ecoturismo/,2026-04-28,2026-05-15,No disponible,0,2026-02-01 02:58:33.967063
23,Aura Formación,SSCG0010 MANEJO DE LAS CRISIS DE AGRESIVIDAD (TF) - CONVOCATORIA FPED 2025.,https://www.auraformacion.es/formacion/sscg0010-manejo-de-las-crisis-de-agresividad-tf---convocatoria-fped-2025-/599.html,2026-04-20,2026-04-29,16:30-20:30,30,2026-02-01 02:58:33.909391
111,Insforca,INGLÉS A1,https://www.insforca.com/cursos/ingles-a1-4/,2026-04-20,2026-05-28,No disponible en listado,160,2026-02-01 02:58:33.987476
141,FormacionLine,MODELOS DE NEGOCIO EN LA ECONOMÍA CIRCULAR,https://formacionline.com/courses/negocio-economia-circular/,2026-04-16,2026-05-08,08:30 A 14:30,80,2026-02-01 02:58:34.012508
154,FormacionLine,CONSULTOR ESPECIALISTA DE POWER PLATFORM CON INTELIGENCIA ARTIFICIAL,https://formacionline.com/courses/consultor-power-platform-con-ia/,2026-04-16,2026-05-07,15:00 A 21:00,160,2026-02-01 02:58:34.023143
85,Focan,Tenerifea Atencion Alumnado Necesidades Educativas Especiales,https://focan.es/nuestros-cursos/formacion-gratuita/cursos-para-desempleados/tenerife-arona/tfa-atencion-alumnado-necesidades-educativas-especiales/,2026-04-14,2026-07-15,No disponible,0,2026-02-01 02:58:33.966271
151,FormacionLine,DESARROLLO DE VIDEOJUEGOS Y REALIDAD VIRTUAL CON UNITY 3D,https://formacionline.com/courses/videojuegos/,2026-04-14,2026-06-26,15:00 a 21:00,300,2026-02-01 02:58:34.020674
137,FormacionLine,INGLÉS B1,https://formacionline.com/courses/ingles-b1-panama/,2026-04-13,2026-06-11,15:00 A 21:00,240,2026-02-01 02:58:34.009216
84,Focan,Prevencion Riesgos Laborales Hosteleria,https://isbs.es/formacion/cursos-desempleados/isbs-prevencion-riesgos-laborales-hosteleria/,2026-04-10,2026-04-27,No disponible,0,2026-02-01 02:58:33.965407
142,FormacionLine,MANTENIMIENTO Y REHABILITACIÓN DE EDIFICIOS,https://formacionline.com/courses/rehabilitacion-edificios/,2026-04-10,2026-07-27,08:30 A 14:30,440,2026-02-01 02:58:34.013487
83,Focan,Gc Trabajo Equipo,https://focan.es/nuestros-cursos/formacion-gratuita/cursos-para-desempleados/gran-canaria/gc-trabajo-equipo/,2026-04-07,2026-04-15,No disponible,0,2026-02-01 02:58:33.964605
139,FormacionLine,PROMOCIÓN PARA LA IGUALDAD EFECTIVA DE MUJERES Y HOMBRES,https://formacionline.com/courses/la-igualdadp/,2026-04-07,2026-07-27,15:00 a 21:00,570,2026-02-01 02:58:34.010822
6,Aura Formación,ADGD130PO GESTIÓN DE RECURSOS HUMANOS: OPTIMIZACIÓN Y ORGANIZACIÓN (TF) - CONVOCATORIA FPEO 2025.,https://www.auraformacion.es/formacion/adgd130po-gestion-de-recursos-humanos-optimizacion-y-organizacion-tf---convocatoria-fpeo-2025-/627.html,2026-04-06,2026-05-25,08:30 - 14:30,200,2026-02-01 02:58:33.893688
21,Aura Formación,SSCG0006 HERRAMIENTAS DE INTERVENCIÓN EDUCATIVA CONTRA LA VIOLENCIA MACHISTA (TF) - CONVOCATORIA FPED 2025.,https://www.auraformacion.es/formacion/sscg0006-herramientas-de-intervencion-educativa-contra-la-violencia-machista-tf---convocatoria-fped-2025-/598.html,2026-04-06,2026-04-17,16:30-20:30,40,2026-02-01 02:58:33.907630
31,Aura Formación,SSCS0108 ATENCIÓN SOCIOSANITARIA A PERSONAS EN EL DOMICILIO (TF) - CONVOCATORIA FPED 2025.,https://www.auraformacion.es/formacion/sscs0108-atencion-sociosanitaria-a-personas-en-el-domicilio-tf---convocatoria-fped-2025-/560.html,2026-04-06,2026-07-30,08:30 - 14:30,640,2026-02-01 02:58:33.916476
82,Focan,Gestion Integrada Rrhh,https://focan.es/nuestros-cursos/formacion-gratuita/cursos-para-desempleados/tenerife-arona/sede2-gestion-integrada-rrhh/,2026-04-06,2026-09-03,No disponible,0,2026-02-01 02:58:33.963570
81,Focan,Montaje Y Mantenimiento De Instalaciones Electricas De Baja Tension,https://focan.es/nuestros-cursos/formacion-gratuita/cursos-para-desempleados/tenerife/tf-montaje-y-mantenimiento-de-instalaciones-electricas-de-baja-tension/,2026-03-23,2026-09-14,No disponible,0,2026-02-01 02:58:33.962707
22,Aura Formación,SSCG0009 SERVICIOS ASISTENCIALES A VÍCTIMAS DE VIOLENCIA DE GÉNERO (TF) - CONVOCATORIA FPED 2025.,https://www.auraformacion.es/formacion/sscg0009-servicios-asistenciales-a-victimas-de-violencia-de-genero-tf---convocatoria-fped-2025-/597.html,2026-03-16,2026-03-27,16:30-20:30,40,2026-02-01 02:58:33.908462
33,Aura Formación,SSCS0208 MF1017_2: INTERVENCIÓN EN LA ATENCIÓN HIGIÉNICO-ALIMENTARIA EN INSTITUCIONES (TF) - EDUCACIÓN 2024.,https://www.auraformacion.es/formacion/sscs0208-mf1017_2-intervencion-en-la-atencion-higienico-alimentaria-en-instituciones-tf---educacion-2024-/548.html,2026-03-12,2026-03-27,08:30-14:30,70,2026-02-01 02:58:33.918042
80,Focan,Prl Centros Sanitarios,https://isbs.es/formacion/cursos-desempleados/isbs-prl-centros-sanitarios/,2026-03-12,2026-04-09,No disponible,0,2026-02-01 02:58:33.961960
150,FormacionLine,COORDINACIÓN Y GESTIÓN DE SERVICIO Y ATENCIÓN DOMICILIARIA,https://formacionline.com/courses/coordinacion-gestion-domiciliaria/,2026-03-12,2026-05-25,15:00 a 21:00,280,2026-02-01 02:58:34.019812
133,FormacionLine,DESARROLLO E IMPLEMENTACIÓN DE FORMACIONES EN E-LEARNING EN LA FORMACIÓN PROFESIONAL,https://formacionline.com/courses/e-learning-en-la-fp/,2026-03-11,2026-04-13,08:30 A 14:30,120,2026-02-01 02:58:34.006123
135,FormacionLine,POSICIONAMIENTO WEB Y MARKETING DIGITAL EN BUSCADORES,https://formacionline.com/courses/web-marketing-en-buscadores/,2026-03-05,2026-03-31,8:30 A 14:30,100,2026-02-01 02:58:34.007634
79,Focan,Frances A2,https://isbs.es/formacion/cursos-desempleados/isbs-frances-a2/,2026-03-03,2026-04-10,No disponible,0,2026-02-01 02:58:33.961219
136,FormacionLine,INGLÉS A2,https://formacionline.com/courses/ingles-a2-panama/,2026-03-02,2026-04-09,08:30 a 14:30,150,2026-02-01 02:58:34.008390
140,FormacionLine,SEGURIDAD INFORMÁTICA,https://formacionline.com/courses/seguridad-informatica-tnf/,2026-03-02,2026-06-11,08:30 A 14:30,500,2026-02-01 02:58:34.015821
78,Focan,Seguridad Informatica,https://isbs.es/formacion/cursos-desempleados/isbs-seguridad-informatica/,2026-02-24,2026-06-05,No disponible,0,2026-02-01 02:58:33.960411
9,Aura Formación,ADGN064PO GESTIÓN FISCAL - IRPF (TF) - CONVOCATORIA NACIONAL 2024.,https://www.auraformacion.es/formacion/adgn064po-gestion-fiscal---irpf-tf----convocatoria-nacional-2024-/509.html,2026-02-23,2025-12-12,16:30-20:30,50,2026-02-01 02:58:33.896221
13,Aura Formación,IFCT56 EXCEL AVANZADO Y POWER BI (TF) - CONVOCATORIA FPEO 2025.,https://www.auraformacion.es/formacion/ifct56-excel-avanzado-y-power-bi-tf---convocatoria-fpeo-2025-/629.html,2026-02-23,2026-03-27,08:30 - 14:30,150,2026-02-01 02:58:33.899710
14,Aura Formación,SANT11 LOGÍSTICA SANITARIA EN SITUACIONES DE ATENCIÓN A MÚLTIPLES VÍCTIMAS Y CATÁSTROFES (TF) - CONVOCATORIA NACIONAL 2024.,https://www.auraformacion.es/formacion/sant11-logistica-sanitaria-en-situaciones-de-atencion-a-multiples-victimas-y-catastrofes-tf----convocatoria-nacional-2024-/498.html,2026-02-23,2026-03-27,16:30-20:30,100,2026-02-01 02:58:33.900911
132,FormacionLine,OPERACIONES DE GRABACIÓN Y TRATAMIENTO DE DATOS Y DOCUMENTOS,https://formacionline.com/courses/tratamiento-datos-documentos/,2026-02-23,2026-05-29,15:00 a 21:00,440,2026-02-01 02:58:34.005277
131,FormacionLine,CREACIÓN Y GESTIÓN DE VIAJES COMBINADOS Y EVENTOS,https://formacionline.com/courses/creacion-y-gestion-viajes/,2026-02-19,2026-07-01,8:30 A 14:30,670,2026-02-01 02:58:34.004428
3,Aura Formación,ADGD0108 GESTIÓN CONTABLE Y GESTIÓN ADMINISTRATIVA PARA AUDITORÍA (TF) - CONVOCATORIA FPEO 2025.,https://www.auraformacion.es/formacion/adgd0108-gestion-contable-y-gestion-administrativa-para-auditoria-tf---convocatoria-fpeo-2025-/621.html,2026-02-18,2026-07-31,08:30 - 14:30,740,2026-02-01 02:58:33.891113
76,Focan,Montaje Y Mantenimiento De Instalaciones Solares Fotovoltaicas,https://focan.es/nuestros-cursos/formacion-gratuita/cursos-para-desempleados/tenerife/tf-montaje-y-mantenimiento-de-instalaciones-solares-fotovoltaicas/,2026-02-18,2026-06-26,No disponible,0,2026-02-01 02:58:33.958657
77,Focan,Tenerifea Asistencia Gestion Proced Tributarios,https://focan.es/nuestros-cursos/formacion-gratuita/cursos-para-desempleados/tenerife-arona/tfa-asistencia-gestion-proced-tributarios/,2026-02-18,2026-06-22,No disponible,0,2026-02-01 02:58:33.959439
129,FormacionLine,ATENCIÓN SOCIOSANITARIA A PERSONAS DEPENDIENTES EN INSTITUCIONES SOCIALES,https://formacionline.com/courses/sociosanitaria-instituciones/,2026-02-18,2026-05-21,8:30 A 14:30,450,2026-02-01 02:58:34.002779
130,FormacionLine,INTELIGENCIA ARTIFICIAL EN GESTIÓN AMBIENTAL,https://formacionline.com/courses/ia-gestion-ambiental/,2026-02-18,2026-04-06,08:30 A 14:30,180,2026-02-01 02:58:34.003629
29,Aura Formación,SSCG0109 INSERCIÓN LABORAL DE PERSONAS CON DISCAPACIDAD (TF) - CONVOCATORIA FPED 2025.,https://www.auraformacion.es/formacion/sscg0109-insercion-laboral-de-personas-con-discapacidad-tf---convocatoria-fped-2025-/555.html,2026-02-11,2026-05-25,08:30-14:30,510,2026-02-01 02:58:33.914818
75,Focan,Servicios De Restaurante,https://isbs.es/formacion/cursos-desempleados/isbs-servicios-de-restaurante/,2026-02-11,2026-06-09,No disponible,0,2026-02-01 02:58:33.957832
73,Focan,Espanol Elemental Extranjeros,https://isbs.es/formacion/cursos-desempleados/isbs-espanol-elemental-extranjeros/,2026-02-10,2026-03-02,No disponible,0,2026-02-01 02:58:33.956325
4,Aura Formación,ADGD0308 ACTIVIDADES DE GESTIÓN ADMINISTRATIVA (TF) - FPED 2025.,https://www.auraformacion.es/formacion/adgd0308-actividades-de-gestion-administrativa-tf---fped-2025-/550.html,2026-02-09,2026-07-31,08:30-14:30,920,2026-02-01 02:58:33.891984
128,FormacionLine,COMPETENCIAS DIGITALES AVANZADAS,https://formacionline.com/courses/competencias-digitales-avanzadas/,2026-02-09,2026-02-09,8:30 A 14:30,60,2026-02-01 02:58:34.001913
72,Focan,Mont Mant Instal Electricas Baja Tension,https://isbs.es/formacion/cursos-desempleados/isbs-mont-mant-instal-electricas-baja-tension/,2026-02-06,2026-08-03,No disponible,0,2026-02-01 02:58:33.955521
71,Focan,Procesadores Texto Basico,https://isbs.es/formacion/cursos-desempleados/isbs-procesadores-texto-basico/,2026-02-04,2026-02-20,No disponible,0,2026-02-01 02:58:33.954708
26,Aura Formación,SSCG0056 ORIENTACIÓN SOCIOLABORAL (TF) - CONVOCATORIA FPED 2025.,https://www.auraformacion.es/formacion/sscg0056-orientacion-sociolaboral-tf---convocatoria-fped-2025-/596.html,2026-02-03,2026-02-24,08:30-14:30,90,2026-02-01 02:58:33.911944
27,Aura Formación,SSCG01 ATENCIÓN SOCIOSANITARIA A PERSONAS DEPENDIENTES CON ALZHEIMER U OTRAS DEMENCIAS EN INSTITUCIONES SOCIALES (TF) - CONVOCATORIA FPED 2025.,https://www.auraformacion.es/formacion/sscg01-atencion-sociosanitaria-a-personas-dependientes-con-alzheimer-u-otras-demencias-en-instituciones-sociales-tf---convocatoria-fped-2025-/594.html,2026-02-03,2026-03-02,08:30 - 14:30,110,2026-02-01 02:58:33.913016
120,Insforca,PROMOCIÓN PARA LA IGUALDAD EFECTIVA DE MUJERES Y HOMBRES,https://www.insforca.com/cursos/promocion-para-la-igualdad-efectiva-de-mujeres-y-hombres/,2026-02-03,2026-05-28,No disponible en listado,610,2026-02-01 02:58:33.994757
70,Focan,Direccion Equipos Coaching,https://focan.es/nuestros-cursos/formacion-gratuita/cursos-para-desempleados/tenerife-arona/sede2-direccion-equipos-coaching/,2026-01-30,2026-02-12,No disponible,0,2026-02-01 02:58:33.953954
127,FormacionLine,ACTIVIDADES ADMINISTRATIVAS EN LA RELACIÓN CON EL CLIENTE,https://formacionline.com/courses/actividades-admin-con-el-cliente/,2026-01-30,2026-07-07,15:00 a 21:00,800,2026-02-01 02:58:34.000800
115,Insforca,INSERCIÓN LABORAL DE PERSONAS CON DISCAPACIDAD,https://www.insforca.com/cursos/insercion-laboral-de-personas-con-discapacidad-4/,2026-01-29,2026-05-08,No disponible en listado,510,2026-02-01 02:58:33.990653
34,Aura Formación,TMVI0023 TRANSPORTE DE VIAJEROS CON CARACTERÍSTICAS ESPECIALES (TF) - CONVOCATORIA NACIONAL 2024.,https://www.auraformacion.es/formacion/tmvi0023--transporte-de-viajeros-con-caracteristicas-especiales-tf---convocatoria-nacional-2024-/499.html,2026-01-16,2026-01-23,09:00-14:00,30,2026-02-01 02:58:33.918952
109,INPSI,Inglés A2,https://sede.sepe.gob.es/es/portaltrabaja/resources/pdf/especialidades/SSCE02.pdf,2026-01-13,2026-02-20,09:00-14:00,175,2026-02-01 02:58:33.985933
5,Aura Formación,ADGD039PO CONTABILIDAD FINANCIERA (TF) - CONVOCATORIA NACIONAL 2024.,https://www.auraformacion.es/formacion/adgd039po-contabilidad-financiera-tf---convocatoria-nacional-2024-/512.html,2026-01-12,2026-02-16,16:30-20:30,100,2026-02-01 02:58:33.892823
15,Aura Formación,SSCE0003 ACOMPAÑANTE DE TRANSPORTE ESCOLAR (TF) - CONVOCATORIA NACIONAL 2024.,https://www.auraformacion.es/formacion/ssce0003-acompanante-de-transporte-escolar-tf---convocatoria-nacional-2024-/500.html,2026-01-08,2026-01-15,09:00-14:00,30,2026-02-01 02:58:33.902686
110,INPSI,Seguridad Informática,https://sede.sepe.gob.es/es/portaltrabaja/resources/pdf/especialidades/IFCT0109.pdf,2025-04-07,2025-07-30,09:00 – 14:00,525,2026-02-01 02:58:33.986701
